scenario_id,scenario_name,projection_year,n_simulations,frequency_multiplier,severity_multiplier,lambda_per_exposure_year,annual_inflation_rate,frequency_trend_rate,severity_trend_rate,expected_loss,std_loss,median_loss,probability_zero_claims,probability_positive_loss,var_95,cvar_95,var_99,cvar_99,var_99_5,cvar_99_5,expected_loss_change_from_base,expected_loss_pct_change_from_base
BASE,Base Case,2030,100000,1.0,1.148053,0.1007030846404707,0.025,0.0,0.03,213.67629876352467,1298.5002142770172,0.0,0.90376,0.09624,1082.1686918127446,3782.888379165589,4876.09815147806,9780.268429804868,7412.976972870323,13626.7824450683,0.0,0.0
HIGH_INFLATION,High Inflation,2030,100000,1.005,1.276137,0.10120660006367305,0.04,0.005,0.06,231.90580733758003,1399.7405685171218,0.0,0.90389,0.09611,1215.8737935253343,4088.4145105692724,5348.317500608639,10351.472014056948,7878.876052414346,14288.355385535468,18.22950857405536,0.08531366688558162
LOW_INFLATION,Low Inflation,2030,100000,0.995,1.091146,0.10019956921726834,0.02,-0.005,0.015,195.12004587703456,1240.8806792134028,0.0,0.90529,0.09471,986.1465157894922,3462.5335747927525,4491.535874603929,8877.124833220614,6783.244416037033,12265.098750076117,-18.556252886490114,-0.08684282250239783
STRESS,Stress Scenario,2030,100000,1.02,1.375794,0.10271714633328012,0.045,0.02,0.09,246.83687688050765,1469.6689045025712,0.0,0.90358,0.09642,1272.82725847802,4344.630415098727,5653.280143297676,10977.80822194929,8436.564676604352,15104.650122479256,33.160578116982975,0.1551907174959155
