percentile,var,cvar,tail_probability
0.95,942.6121370814279,3295.0468133140103,0.050000000000000044
0.99,4247.276172335301,8519.004287959588,0.010000000000000009
0.995,6456.998912829218,11869.471570622873,0.0050000000000000044
