best_fit,rank,distribution,log_likelihood,aic,bic,param_1_name,param_1_value,param_2_name,param_2_value,loc_fixed
✓,1,Lognormal,-223590.1352959656,447184.2705919312,447200.65085510403,sigma,1.1326525357505728,mu,6.8498373700273225,0
,2,Gamma,-231154.00552345795,462312.0110469159,462328.39131008874,shape_alpha,0.6873740470924351,scale_theta,3314.8420305282684,0
