driver_age_band,policy_count,exposure,claim_count,claim_frequency,sort_order
18-24,30198,12489.16108464934,2364,0.1892841307736543,1
25-34,140947,64598.61443666713,6396,0.09901141155698745,2
35-44,170578,87391.4525166028,8145,0.09320133451784196,3
45-54,164034,89852.74648247396,9513,0.10587322449687767,4
55-64,99094,56176.95111157751,5124,0.09121178523595587,5
65-74,50821,32207.19096787207,2986,0.09271221457899423,6
75+,22341,15783.328862934672,1574,0.0997254770314238,7
