vehicle_gas,policy_count,exposure,claim_count,claim_frequency
Regular,345877,187838.5523361925,19454,0.10356766360284406
Diesel,332136,170660.89312666844,16648,0.09755017505764177
